{
    "Main Settings": {
        "Delay": 14,
        "Delay_Rejoin": 10,

        "Auto_Join_Process": true,
        "Auto_Join_Private_Server":false,

        "Place_Id": 2753915549,
        "Link_Vip": ""
    },

    "Account Manager": {
        "Nexus": false,
        "WebServer": false
    },

    "Etc": {
        "Executor_Method": {
            "Fluxus": false,
            "Arceus X": false,
            "Trigon": false
        },
        "Auto_Close": 0
    },

    "Menu": {
        "Always_Join": true
    },

    "Emulator Setting": {
        "Mumu_Port": [16384, 16416, 16417, 16448, 16480, 16512, 16544, 16576, 16608, 16640, 16672, 16704, 16736, 16768, 16800, 16832, 16864, 16896, 16928, 16960, 16992, 17024, 17056, 17088, 17120, 17152, 17184, 17216, 17248, 17280, 17312, 17344, 17376, 17408, 17440, 17472, 17504, 17536, 17568, 17600, 17632, 17664, 17696, 17728, 17760, 17792, 17824]
    }
}