{
    "AppInstallationId":"13537775449836200888",
    "DisplayName":"Loading database cookies",
    "Membership":"0",
    "ContactImporterBadgeSeen":"false",
    "ExperimentCache":"",
    "Username":"Loading database cookies",
    "AuthenticatedTheme":"light",
    "BrowserTrackerId":"219161849816",
    "CountryCode":"TH",
    "AppConfiguration":"{\"GUAC:-1:app-policy\":\"{\\\"ChatConversationHeaderGroupDetails\\\":true,\\\"ChatHeaderSearch\\\":true,\\\"ChatHeaderCreateChatGroup\\\":true,\\\"ChatHeaderHomeButton\\\":false,\\\"ChatHeaderNotifications\\\":true,\\\"ChatPlayTogether\\\":true,\\\"ChatShareGameToChatFromChat\\\":true,\\\"ChatTapConversationThumbnail\\\":true,\\\"ChatViewProfileOption\\\":true,\\\"GamesDropDownList\\\":true,\\\"UseNewDropDown\\\":false,\\\"GameDetailsMorePage\\\":true,\\\"GameDetailsShowGlobalCounters\\\":true,\\\"GameDetailsPlayWithFriends\\\":true,\\\"GameDetailsSubtitle\\\":true,\\\"GameInfoList\\\":true,\\\"GameInfoListDeveloper\\\":true,\\\"GamePlaysAndRatings\\\":true,\\\"GameInfoShowBadges\\\":true,\\\"GameInfoShowCreated\\\":true,\\\"GameInfoShowGamepasses\\\":true,\\\"GameInfoShowGenre\\\":true,\\\"GameInfoShowMaxPlayers\\\":true,\\\"GameInfoShowServers\\\":true,\\\"GameInfoShowUpdated\\\":true,\\\"GameReportingDisabled\\\":false,\\\"GamePlayerCounts\\\":true,\\\"GiftCardsEnabled\\\":false,\\\"Notifications\\\":true,\\\"OfficialStoreEnabled\\\":false,\\\"RecommendedGames\\\":true,\\\"SearchBar\\\":true,\\\"MorePageType\\\":\\\"More\\\",\\\"AboutPageType\\\":\\\"About\\\",\\\"FriendFinder\\\":true,\\\"SocialLinks\\\":true,\\\"SocialGroupLinks\\\":true,\\\"EligibleForCapturesFeature\\\":true,\\\"EnableShareCaptureCTA\\\":false,\\\"SiteMessageBanner\\\":true,\\\"UseWidthBasedFormFactorRule\\\":false,\\\"UseHomePageWithAvatarAndPanel\\\":false,\\\"UseBottomBar\\\":true,\\\"AvatarHeaderIcon\\\":\\\"LuaApp/icons/ic-back\\\",\\\"AvatarEditorShowBuyRobuxOnTopBar\\\":true,\\\"HomeIcon\\\":\\\"LuaApp/icons/ic-roblox-close\\\",\\\"ShowYouTubeAgeAlert\\\":true,\\\"GameDetailsShareButton\\\":false,\\\"CatalogShareButton\\\":false,\\\"AccountProviderName\\\":\\\"\\\",\\\"InviteFromAccountProvider\\\":false,\\\"ShareToAccountProvider\\\":false,\\\"ShareToAccountProviderTimeout\\\":8,\\\"ShowDisplayName\\\":true,\\\"GamesPageCreationCenterTitle\\\":false,\\\"ShowShareTargetGameCreator\\\":true,\\\"SearchAutoComplete\\\":true,\\\"CatalogShow3dView\\\":true,\\\"CatalogReportingDisabled\\\":false,\\\"CatalogCommunityCreations\\\":true,\\\"CatalogPremiumCategory\\\":true,\\\"CatalogPremiumContent\\\":true,\\\"ItemDetailsFullView\\\":true,\\\"UseAvatarExperienceLandingPage\\\":true,\\\"HomePageFriendSection\\\":true,\\\"HomePageProfileLink\\\":true,\\\"PurchasePromptIncludingWarning\\\":false,\\\"ShowVideoThumbnails\\\":true,\\\"VideoSharingTestContent\\\":[],\\\"SystemBarPlacement\\\":\\\"Bottom\\\",\\\"EnableInGameHomeIcon\\\":false,\\\"UseExternalBrowserForDisclaimerLinks\\\":false,\\\"ShowExitFullscreenToast\\\":true,\\\"ExitFullscreenToastEnabled\\\":false,\\\"UseLuobuAuthentication\\\":false,\\\"CheckUserAgreementsUpdatedOnLogin\\\":true,\\\"AddUserAgreementIdsToSignupRequest\\\":true,\\\"UseOmniRecommendation\\\":true,\\\"ShowAgeVerificationOverlayEnabled\\\":false,\\\"ShouldShowGroupsTile\\\":true,\\\"ShowVoiceUpsell\\\":false,\\\"ProfileShareEnabled\\\":false,\\\"ContactImporterEnabled\\\":false,\\\"FriendCodeQrCodeScannerEnabled\\\":true,\\\"RealNamesInDisplayNamesEnabled\\\":false,\\\"CsatSurveyRestrictTextInput\\\":true,\\\"RobloxCreatedItemsCreatedByLuobu\\\":false,\\\"GameInfoShowChatFeatures\\\":true,\\\"PlatformGroup\\\":\\\"Tablet\\\",\\\"UsePhoneSearchDiscoverEntry\\\":false,\\\"ShowVoiceUpsellV2\\\":true,\\\"HomeLocalFeedItems\\\":{\\\"UserInfo\\\":1,\\\"FriendCarousel\\\":2},\\\"Routes\\\":{\\\"auth\\\":{\\\"connect\\\":\\\"v2/login\\\",\\\"login\\\":\\\"v2/login\\\",\\\"signup\\\":\\\"v2/signup\\\"}},\\\"PromotionalEmailsCheckboxEnabled\\\":false,\\\"PromotionalEmailsOptInByDefault\\\":false,\\\"EnablePremiumUserFeatures\\\":true,\\\"CanShowUnifiedChatU13Upsell\\\":true,\\\"CanShowUnifiedChatUpsell\\\":false,\\\"CommunityLinksEnabled\\\":false,\\\"EnableProfileQrCode\\\":true,\\\"enableDualLogin\\\":true,\\\"luaProfileEnabled\\\":true,\\\"AlwaysFetchFriendRecommendations\\\":false,\\\"FriendCarouselSorting\\\":\\\"allFriendsThenRecommendations\\\",\\\"EnableVoiceReportAbuseMenu\\\":true,\\\"ContactsToastEnabled\\\":true,\\\"displayAccountDeletion\\\":true,\\\"DisplayVoiceBetaBadge\\\":true}\",\"GUAC:-1:app-patch\":\"{\\\"SchemaVersion\\\":\\\"1\\\",\\\"CanaryUserIds\\\":[],\\\"CanaryPercentage\\\":0}\",\"GUAC:4156562954:app-policy\":\"{\\\"ChatConversationHeaderGroupDetails\\\":true,\\\"ChatHeaderSearch\\\":true,\\\"ChatHeaderCreateChatGroup\\\":true,\\\"ChatHeaderHomeButton\\\":false,\\\"ChatHeaderNotifications\\\":true,\\\"ChatPlayTogether\\\":true,\\\"ChatShareGameToChatFromChat\\\":true,\\\"ChatTapConversationThumbnail\\\":true,\\\"ChatViewProfileOption\\\":true,\\\"GamesDropDownList\\\":true,\\\"UseNewDropDown\\\":false,\\\"GameDetailsMorePage\\\":true,\\\"GameDetailsShowGlobalCounters\\\":true,\\\"GameDetailsPlayWithFriends\\\":true,\\\"GameDetailsSubtitle\\\":true,\\\"GameInfoList\\\":true,\\\"GameInfoListDeveloper\\\":true,\\\"GamePlaysAndRatings\\\":true,\\\"GameInfoShowBadges\\\":true,\\\"GameInfoShowCreated\\\":true,\\\"GameInfoShowGamepasses\\\":true,\\\"GameInfoShowGenre\\\":true,\\\"GameInfoShowMaxPlayers\\\":true,\\\"GameInfoShowServers\\\":true,\\\"GameInfoShowUpdated\\\":true,\\\"GameReportingDisabled\\\":false,\\\"GamePlayerCounts\\\":true,\\\"GiftCardsEnabled\\\":false,\\\"Notifications\\\":true,\\\"OfficialStoreEnabled\\\":false,\\\"RecommendedGames\\\":true,\\\"SearchBar\\\":true,\\\"MorePageType\\\":\\\"More\\\",\\\"AboutPageType\\\":\\\"About\\\",\\\"FriendFinder\\\":true,\\\"SocialLinks\\\":true,\\\"SocialGroupLinks\\\":true,\\\"EligibleForCapturesFeature\\\":true,\\\"EnableShareCaptureCTA\\\":true,\\\"SiteMessageBanner\\\":true,\\\"UseWidthBasedFormFactorRule\\\":false,\\\"UseHomePageWithAvatarAndPanel\\\":false,\\\"UseBottomBar\\\":true,\\\"AvatarHeaderIcon\\\":\\\"LuaApp/icons/ic-back\\\",\\\"AvatarEditorShowBuyRobuxOnTopBar\\\":true,\\\"HomeIcon\\\":\\\"LuaApp/icons/ic-roblox-close\\\",\\\"ShowYouTubeAgeAlert\\\":false,\\\"GameDetailsShareButton\\\":true,\\\"CatalogShareButton\\\":true,\\\"AccountProviderName\\\":\\\"\\\",\\\"InviteFromAccountProvider\\\":false,\\\"ShareToAccountProvider\\\":false,\\\"ShareToAccountProviderTimeout\\\":8,\\\"ShowDisplayName\\\":true,\\\"GamesPageCreationCenterTitle\\\":false,\\\"ShowShareTargetGameCreator\\\":true,\\\"SearchAutoComplete\\\":true,\\\"CatalogShow3dView\\\":true,\\\"CatalogReportingDisabled\\\":false,\\\"CatalogCommunityCreations\\\":true,\\\"CatalogPremiumCategory\\\":true,\\\"CatalogPremiumContent\\\":true,\\\"ItemDetailsFullView\\\":true,\\\"UseAvatarExperienceLandingPage\\\":true,\\\"HomePageFriendSection\\\":true,\\\"HomePageProfileLink\\\":true,\\\"PurchasePromptIncludingWarning\\\":false,\\\"ShowVideoThumbnails\\\":true,\\\"VideoSharingTestContent\\\":[],\\\"SystemBarPlacement\\\":\\\"Bottom\\\",\\\"EnableInGameHomeIcon\\\":false,\\\"UseExternalBrowserForDisclaimerLinks\\\":false,\\\"ShowExitFullscreenToast\\\":true,\\\"ExitFullscreenToastEnabled\\\":false,\\\"UseLuobuAuthentication\\\":false,\\\"CheckUserAgreementsUpdatedOnLogin\\\":true,\\\"AddUserAgreementIdsToSignupRequest\\\":true,\\\"UseOmniRecommendation\\\":true,\\\"ShowAgeVerificationOverlayEnabled\\\":false,\\\"ShouldShowGroupsTile\\\":true,\\\"ShowVoiceUpsell\\\":false,\\\"ProfileShareEnabled\\\":true,\\\"ContactImporterEnabled\\\":true,\\\"FriendCodeQrCodeScannerEnabled\\\":true,\\\"RealNamesInDisplayNamesEnabled\\\":false,\\\"CsatSurveyRestrictTextInput\\\":false,\\\"RobloxCreatedItemsCreatedByLuobu\\\":false,\\\"GameInfoShowChatFeatures\\\":true,\\\"PlatformGroup\\\":\\\"Tablet\\\",\\\"UsePhoneSearchDiscoverEntry\\\":false,\\\"ShowVoiceUpsellV2\\\":true,\\\"HomeLocalFeedItems\\\":{\\\"UserInfo\\\":1,\\\"FriendCarousel\\\":2},\\\"Routes\\\":{\\\"auth\\\":{\\\"connect\\\":\\\"v2/login\\\",\\\"login\\\":\\\"v2/login\\\",\\\"signup\\\":\\\"v2/signup\\\"}},\\\"PromotionalEmailsCheckboxEnabled\\\":true,\\\"PromotionalEmailsOptInByDefault\\\":false,\\\"EnablePremiumUserFeatures\\\":true,\\\"CanShowUnifiedChatU13Upsell\\\":false,\\\"CanShowUnifiedChatUpsell\\\":true,\\\"CommunityLinksEnabled\\\":true,\\\"EnableProfileQrCode\\\":true,\\\"enableDualLogin\\\":true,\\\"luaProfileEnabled\\\":true,\\\"AlwaysFetchFriendRecommendations\\\":false,\\\"FriendCarouselSorting\\\":\\\"allFriendsThenRecommendations\\\",\\\"EnableNotificationPreferencesPage\\\":true,\\\"EnableVoiceReportAbuseMenu\\\":true,\\\"ContactsToastEnabled\\\":true,\\\"ShowPassesOnExperienceDetails\\\":true,\\\"displayAccountDeletion\\\":true,\\\"DisplayVoiceBetaBadge\\\":true}\",\"GUAC:4156562954:app-patch\":\"{\\\"SchemaVersion\\\":\\\"1\\\",\\\"CanaryUserIds\\\":[],\\\"CanaryPercentage\\\":0}\"}",
    "RobloxLocaleId":"en_us",
    "ContactImporterOptedInUsers":"",
    "IsUnder13":"false",
    "GameLocaleId":"en_us",
    "UserId":"4156562954",
    "CredentialValue":"Loading database cookies"
 }