{
    "Main Settings": {
        "Delay": 15,
        "Delay_Rejoin": 5,
        "Auto_Join_Server": true,
        "Auto_Join_Private_Server":false,
        "Place_Id": 17017769292,
        "Link_Vip": ""
    },

    "Account Manager": {
        "Nexus": false,
        "WebServer": false
    },

    "ETC": {
        "Executor_Method": {
            "Location_Scripts": "/storage/emulated/0/Codex/Autoexec/"
        },
        "Auto_Reload_Game_Secound": 0,
        "Auto_Reconnect_Emulator": false
    },
    "Cv2 Settings":{
        "Detection_percent": 0.89
    },
    "Whitelist_Vn": {
        "Bypass": false
    }
}