{
    "Main Settings": {
        "Delay": 7,
        "Delay_Rejoin": 12,

        "Auto_Join_Server": true,
        "Auto_Join_Private_Server":false,

        "Place_Id": 2753915549,
        "Link_Vip": ""
    },

    "Account Manager": {
        "Nexus": false,
        "WebServer": false
    },

    "Etc": {
        "Executor_Method": {
            "Fluxus": false,
            "Trigon": false,
            "Codex": false,
            "Delta": false,
            "Arceus X": false
        },
        "Auto_Reload_Game_Secound": 0,
        "Auto_Reconnect_Emulator": true,
        "Auto_Close_StuckJoin": false,
        "Auto_Update_Image": false
    },
    "Cv2 Settings":{
        "Detection_percent": 0.91
    }
}